StartDate,EndDate,Status,IPAddress,Progress,Duration (in seconds),Finished,RecordedDate,ResponseId,RecipientLastName,RecipientFirstName,RecipientEmail,ExternalReference,LocationLatitude,LocationLongitude,DistributionChannel,UserLanguage,EMPLID,Q3,Q4,Q4_5_TEXT,Q5,Q6,Q7,Programming Languages,Q8_15_TEXT,Interests,Q9_10_TEXT,Q11,Q12,Q13,Q14,Q16,Q17,Q18,Q19,Q20_1,Q20_2,Q20_3,Q20_4,Q21,Q22,Q23
9/1/2020  9:17:00 PM,9/1/2020  9:18:00 PM,Survey Preview,*******,100,63,TRUE,9/1/2020  9:18:00 PM,R_CpDTHVygW4z9hAM,ACHARYA,NEHA,NACHARYA@gmu.edu,******,53.1234,18.1234,preview,EN,23701129,NACHARYA@gmu.edu,she/her/hers,,No,No,No,None,,['Market Research or Strategy'],,Neither agree nor disagree,Neither agree nor disagree,Neither agree nor disagree,Somewhat agree,Likely,Somewhat likely,Not at all likely,NEHA.ACHARYA@gmail.com,Point OfContact,pointofcontact@gmail.com,789-456-1230,123-456-7890,NEHA ACHARYA,NEHA ACHARYA,
9/1/2020  9:17:00 PM,9/1/2020  9:18:00 PM,Survey Preview,*******,100,63,TRUE,9/1/2020  9:18:00 PM,R_8jNoVy8h8Xfs6Ey,CRUZ,NEIL,NCRUZ@gmu.edu,******,53.1234,18.1234,preview,EN,23701129,NCRUZ@gmu.edu,ze/zir/zis,,No,No,No,"['Scala', 'CSS', 'Ruby', 'CSS', 'Javascript']",,"['Software Engineering', 'Machine Learning or AI', 'Machine Learning or AI', 'Product Management', 'Software Engineering', 'Market Research or Strategy', 'Cybersecurity']",,Strongly Agree,Strongly disagree,Strongly disagree,Neither agree nor disagree,Not at all likely,Somewhat likely,Likely,NEIL.CRUZ@gmail.com,Point OfContact,pointofcontact@gmail.com,789-456-1230,123-456-7890,NEIL CRUZ,NEIL CRUZ,
9/1/2020  9:17:00 PM,9/1/2020  9:18:00 PM,Survey Preview,*******,100,63,TRUE,9/1/2020  9:18:00 PM,R_zWqwxzluyp4CTWB,HONG,HANNAH,HHONG@gmu.edu,******,53.1234,18.1234,preview,EN,23701129,HHONG@gmu.edu,they/them/their,,No,No,No,['C#'],,['IT Support'],,Strongly disagree,Strongly Agree,Somewhat disagree,Somewhat agree,Somewhat likely,Not at all likely,Somewhat likely,HANNAH.HONG@gmail.com,Point OfContact,pointofcontact@gmail.com,789-456-1230,123-456-7890,HANNAH HONG,HANNAH HONG,
9/1/2020  9:17:00 PM,9/1/2020  9:18:00 PM,Survey Preview,*******,100,63,TRUE,9/1/2020  9:18:00 PM,R_RpmEgO1GMIDSK3C,RASHAD,SARAH,SRASHAD@gmu.edu,******,53.1234,18.1234,preview,EN,23701129,SRASHAD@gmu.edu,ze/zir/zis,,No,No,No,"['Scala', 'Scala']",,"['Data Analysis', 'Software Engineering', 'Product Design', 'Cybersecurity', 'Product Management']",,Neither agree nor disagree,Somewhat agree,Neither agree nor disagree,Somewhat agree,Very Likely,A little likely,Somewhat likely,SARAH.RASHAD@gmail.com,Point OfContact,pointofcontact@gmail.com,789-456-1230,123-456-7890,SARAH RASHAD,SARAH RASHAD,
9/1/2020  9:17:00 PM,9/1/2020  9:18:00 PM,Survey Preview,*******,100,63,TRUE,9/1/2020  9:18:00 PM,R_eAW0x9gxyLTvjd0,CORTEZ,EVELYN,ECORTEZ@gmu.edu,******,53.1234,18.1234,preview,EN,23701129,ECORTEZ@gmu.edu,he/his/him,,No,No,No,None,,"['Software Engineering', 'Data Analysis', 'Software Engineering', 'Machine Learning or AI']",,Somewhat disagree,Somewhat disagree,Somewhat disagree,Somewhat agree,Somewhat likely,Not at all likely,Likely,EVELYN.CORTEZ@gmail.com,Point OfContact,pointofcontact@gmail.com,789-456-1230,123-456-7890,EVELYN CORTEZ,EVELYN CORTEZ,
9/1/2020  9:17:00 PM,9/1/2020  9:18:00 PM,Survey Preview,*******,100,63,TRUE,9/1/2020  9:18:00 PM,R_4D1V20pfShoMP2F,NGUYEN,TUONG VY,TNGUYEN@gmu.edu,******,53.1234,18.1234,preview,EN,23701129,TNGUYEN@gmu.edu,he/his/him,,No,No,No,"['Scala', 'Perl', 'Swift', 'PHP', 'Objective-C']",,"['Product Management', 'Product Design']",,Strongly disagree,Strongly disagree,Somewhat disagree,Neither agree nor disagree,Very Likely,Not at all likely,A little likely,TUONG VY.NGUYEN@gmail.com,Point OfContact,pointofcontact@gmail.com,789-456-1230,123-456-7890,TUONG VY NGUYEN,TUONG VY NGUYEN,
9/1/2020  9:17:00 PM,9/1/2020  9:18:00 PM,Survey Preview,*******,100,63,TRUE,9/1/2020  9:18:00 PM,R_csPg0IVorvmFQ2u,NICOLAS,VICTORIA MARIE,VNICOLAS@gmu.edu,******,53.1234,18.1234,preview,EN,23701129,VNICOLAS@gmu.edu,ze/zir/zis,,No,No,No,"['HTML', 'C#', 'Swift', 'C++', 'Scala']",,"['Market Research or Strategy', 'Market Research or Strategy', 'Market Research or Strategy', 'Software Engineering', 'Software Engineering', 'Machine Learning or AI', 'Product Management']",,Somewhat disagree,Somewhat agree,Somewhat disagree,Somewhat agree,A little likely,Somewhat likely,Somewhat likely,VICTORIA MARIE.NICOLAS@gmail.com,Point OfContact,pointofcontact@gmail.com,789-456-1230,123-456-7890,VICTORIA MARIE NICOLAS,VICTORIA MARIE NICOLAS,
9/1/2020  9:17:00 PM,9/1/2020  9:18:00 PM,Survey Preview,*******,100,63,TRUE,9/1/2020  9:18:00 PM,R_ADFukiZsCggXEdk,KHAN,HAADI,HKHAN@gmu.edu,******,53.1234,18.1234,preview,EN,23701129,HKHAN@gmu.edu,he/his/him,,No,No,No,"['Python', 'Swift', 'C++', 'C#', 'CSS', 'Java']",,"['Machine Learning or AI', 'Product Design', 'Product Design']",,Somewhat disagree,Strongly Agree,Somewhat agree,Neither agree nor disagree,A little likely,Very Likely,Very Likely,HAADI.KHAN@gmail.com,Point OfContact,pointofcontact@gmail.com,789-456-1230,123-456-7890,HAADI KHAN,HAADI KHAN,
9/1/2020  9:17:00 PM,9/1/2020  9:18:00 PM,Survey Preview,*******,100,63,TRUE,9/1/2020  9:18:00 PM,R_DpJ9VOwH1tnhiEe,KUMARI,SANGITA,SKUMARI@gmu.edu,******,53.1234,18.1234,preview,EN,23701129,SKUMARI@gmu.edu,ze/zir/zis,,No,No,No,"['Python', 'Ruby', 'PHP', 'CSS', 'Swift']",,"['Data Analysis', 'Program Management', 'IT Support', 'Product Design', 'IT Support', 'Machine Learning or AI', 'Market Research or Strategy']",,Strongly disagree,Somewhat disagree,Somewhat agree,Strongly disagree,Likely,Not at all likely,Not at all likely,SANGITA.KUMARI@gmail.com,Point OfContact,pointofcontact@gmail.com,789-456-1230,123-456-7890,SANGITA KUMARI,SANGITA KUMARI,
9/1/2020  9:17:00 PM,9/1/2020  9:18:00 PM,Survey Preview,*******,100,63,TRUE,9/1/2020  9:18:00 PM,R_IbZoGqNyxcd3J6q,NOLAN,EILEEN,ENOLAN@gmu.edu,******,53.1234,18.1234,preview,EN,23701129,ENOLAN@gmu.edu,they/them/their,,No,No,No,['Swift'],,"['Cybersecurity', 'Software Engineering', 'IT Support']",,Somewhat disagree,Somewhat agree,Strongly Agree,Strongly disagree,Somewhat likely,A little likely,Very Likely,EILEEN.NOLAN@gmail.com,Point OfContact,pointofcontact@gmail.com,789-456-1230,123-456-7890,EILEEN NOLAN,EILEEN NOLAN,
9/1/2020  9:17:00 PM,9/1/2020  9:18:00 PM,Survey Preview,*******,100,63,TRUE,9/1/2020  9:18:00 PM,R_l7nuIZpw5YrcM38,SAJJAD,SANJIDA,SSAJJAD@gmu.edu,******,53.1234,18.1234,preview,EN,23701129,SSAJJAD@gmu.edu,they/them/their,,No,No,No,"['Scala', 'Java', 'CSS', 'Swift', 'CSS']",,"['Machine Learning or AI', 'IT Support', 'Program Management', 'Program Management', 'Market Research or Strategy']",,Strongly disagree,Neither agree nor disagree,Somewhat agree,Somewhat agree,A little likely,Not at all likely,A little likely,SANJIDA.SAJJAD@gmail.com,Point OfContact,pointofcontact@gmail.com,789-456-1230,123-456-7890,SANJIDA SAJJAD,SANJIDA SAJJAD,
9/1/2020  9:17:00 PM,9/1/2020  9:18:00 PM,Survey Preview,*******,100,63,TRUE,9/1/2020  9:18:00 PM,R_MXQUtcHPH7hAbmK,TRAN,TONY,TTRAN@gmu.edu,******,53.1234,18.1234,preview,EN,23701129,TTRAN@gmu.edu,he/his/him,,No,No,No,"['Java', 'Python', 'C++']",,"['Software Engineering', 'Software Engineering', 'Product Design']",,Somewhat agree,Somewhat disagree,Strongly disagree,Somewhat agree,Somewhat likely,Likely,Likely,TONY.TRAN@gmail.com,Point OfContact,pointofcontact@gmail.com,789-456-1230,123-456-7890,TONY TRAN,TONY TRAN,
9/1/2020  9:17:00 PM,9/1/2020  9:18:00 PM,Survey Preview,*******,100,63,TRUE,9/1/2020  9:18:00 PM,R_vEaFsDN5rV9q6pg,NOLAN,EMILY,ENOLAN@gmu.edu,******,53.1234,18.1234,preview,EN,23701129,ENOLAN@gmu.edu,they/them/their,,No,No,No,['Javascript'],,"['Market Research or Strategy', 'Machine Learning or AI', 'Product Design']",,Strongly disagree,Strongly Agree,Strongly disagree,Somewhat disagree,Very Likely,Likely,Likely,EMILY.NOLAN@gmail.com,Point OfContact,pointofcontact@gmail.com,789-456-1230,123-456-7890,EMILY NOLAN,EMILY NOLAN,
9/1/2020  9:17:00 PM,9/1/2020  9:18:00 PM,Survey Preview,*******,100,63,TRUE,9/1/2020  9:18:00 PM,R_yP2h0G63T8lXGUk,KARAWAPORNPHUT,TONGJIT,TKARAWAPORNPHUT@gmu.edu,******,53.1234,18.1234,preview,EN,23701129,TKARAWAPORNPHUT@gmu.edu,ze/zir/zis,,No,No,No,"['Perl', 'Scala', 'Objective-C']",,['IT Support'],,Strongly disagree,Strongly Agree,Strongly disagree,Somewhat disagree,Somewhat likely,Not at all likely,Somewhat likely,TONGJIT.KARAWAPORNPHUT@gmail.com,Point OfContact,pointofcontact@gmail.com,789-456-1230,123-456-7890,TONGJIT KARAWAPORNPHUT,TONGJIT KARAWAPORNPHUT,
9/1/2020  9:17:00 PM,9/1/2020  9:18:00 PM,Survey Preview,*******,100,63,TRUE,9/1/2020  9:18:00 PM,R_ZBcTx5vNP3L6rTN,SHAUKAT,SONIA,SSHAUKAT@gmu.edu,******,53.1234,18.1234,preview,EN,23701129,SSHAUKAT@gmu.edu,he/his/him,,No,No,No,"['Swift', 'Swift']",,"['Market Research or Strategy', 'Product Design', 'Product Management', 'Product Management', 'Software Engineering', 'Data Analysis']",,Neither agree nor disagree,Somewhat agree,Strongly disagree,Neither agree nor disagree,Somewhat likely,Very Likely,Very Likely,SONIA.SHAUKAT@gmail.com,Point OfContact,pointofcontact@gmail.com,789-456-1230,123-456-7890,SONIA SHAUKAT,SONIA SHAUKAT,
9/1/2020  9:17:00 PM,9/1/2020  9:18:00 PM,Survey Preview,*******,100,63,TRUE,9/1/2020  9:18:00 PM,R_cAQ9UsTME1QIpVe,MOHAMED,REEM,RMOHAMED@gmu.edu,******,53.1234,18.1234,preview,EN,23701129,RMOHAMED@gmu.edu,she/her/hers,,No,No,No,"['HTML', 'Python']",,"['Product Design', 'Data Analysis', 'Program Management', 'Machine Learning or AI', 'Program Management']",,Somewhat disagree,Strongly Agree,Somewhat agree,Somewhat agree,Somewhat likely,Somewhat likely,A little likely,REEM.MOHAMED@gmail.com,Point OfContact,pointofcontact@gmail.com,789-456-1230,123-456-7890,REEM MOHAMED,REEM MOHAMED,
9/1/2020  9:17:00 PM,9/1/2020  9:18:00 PM,Survey Preview,*******,100,63,TRUE,9/1/2020  9:18:00 PM,R_DpMivs80BQBI2Oj,CHUNG,JIWON,JCHUNG@gmu.edu,******,53.1234,18.1234,preview,EN,23701129,JCHUNG@gmu.edu,he/his/him,,No,No,No,"['C#', 'Java', 'PHP', 'Ruby']",,['Product Design'],,Neither agree nor disagree,Strongly Agree,Neither agree nor disagree,Strongly disagree,Very Likely,A little likely,Very Likely,JIWON.CHUNG@gmail.com,Point OfContact,pointofcontact@gmail.com,789-456-1230,123-456-7890,JIWON CHUNG,JIWON CHUNG,
9/1/2020  9:17:00 PM,9/1/2020  9:18:00 PM,Survey Preview,*******,100,63,TRUE,9/1/2020  9:18:00 PM,R_ZTOxeeU822kzoYg,BHOPAUL,LEANNAH,LBHOPAUL@gmu.edu,******,53.1234,18.1234,preview,EN,23701129,LBHOPAUL@gmu.edu,they/them/their,,No,No,No,"['Swift', 'Javascript', 'Ruby']",,"['Software Engineering', 'Product Management', 'IT Support', 'Machine Learning or AI']",,Strongly Agree,Neither agree nor disagree,Somewhat agree,Strongly disagree,Very Likely,Very Likely,Not at all likely,LEANNAH.BHOPAUL@gmail.com,Point OfContact,pointofcontact@gmail.com,789-456-1230,123-456-7890,LEANNAH BHOPAUL,LEANNAH BHOPAUL,
9/1/2020  9:17:00 PM,9/1/2020  9:18:00 PM,Survey Preview,*******,100,63,TRUE,9/1/2020  9:18:00 PM,R_1mBTqWYkYtJPYZS,KAMATH,AYUSH,AKAMATH@gmu.edu,******,53.1234,18.1234,preview,EN,23701129,AKAMATH@gmu.edu,she/her/hers,,No,No,No,"['HTML', 'PHP', 'Objective-C', 'Scala', 'HTML']",,"['Market Research or Strategy', 'Machine Learning or AI', 'Machine Learning or AI']",,Somewhat agree,Strongly disagree,Neither agree nor disagree,Somewhat agree,A little likely,Somewhat likely,Somewhat likely,AYUSH.KAMATH@gmail.com,Point OfContact,pointofcontact@gmail.com,789-456-1230,123-456-7890,AYUSH KAMATH,AYUSH KAMATH,
9/1/2020  9:17:00 PM,9/1/2020  9:18:00 PM,Survey Preview,*******,100,63,TRUE,9/1/2020  9:18:00 PM,R_zbJw6QSvL4GWuZ4,KUNZOVA,EMMA,EKUNZOVA@gmu.edu,******,53.1234,18.1234,preview,EN,23701129,EKUNZOVA@gmu.edu,he/his/him,,No,No,No,"['CSS', 'CSS', 'C++', 'C#', 'Java']",,"['Machine Learning or AI', 'Market Research or Strategy', 'Software Engineering', 'Machine Learning or AI', 'Product Management', 'Software Engineering']",,Somewhat disagree,Somewhat disagree,Strongly Agree,Somewhat disagree,Not at all likely,Likely,A little likely,EMMA.KUNZOVA@gmail.com,Point OfContact,pointofcontact@gmail.com,789-456-1230,123-456-7890,EMMA KUNZOVA,EMMA KUNZOVA,
9/1/2020  9:17:00 PM,9/1/2020  9:18:00 PM,Survey Preview,*******,100,63,TRUE,9/1/2020  9:18:00 PM,R_N0RwBkoK2fGZhfa,CHU,ROBERT,RCHU@gmu.edu,******,53.1234,18.1234,preview,EN,23701129,RCHU@gmu.edu,he/his/him,,No,No,No,"['Objective-C', 'HTML', 'C#', 'Swift', 'CSS', 'C++']",,"['Product Design', 'Market Research or Strategy', 'Product Design', 'Program Management', 'Product Management', 'Product Management']",,Neither agree nor disagree,Strongly Agree,Strongly disagree,Strongly Agree,A little likely,A little likely,Somewhat likely,ROBERT.CHU@gmail.com,Point OfContact,pointofcontact@gmail.com,789-456-1230,123-456-7890,ROBERT CHU,ROBERT CHU,
9/1/2020  9:17:00 PM,9/1/2020  9:18:00 PM,Survey Preview,*******,100,63,TRUE,9/1/2020  9:18:00 PM,R_FEbL8ALAM31E9UR,IQBAL,MUTAHAR,MIQBAL@gmu.edu,******,53.1234,18.1234,preview,EN,23701129,MIQBAL@gmu.edu,they/them/their,,No,No,No,"['Objective-C', 'Javascript', 'Objective-C']",,"['Cybersecurity', 'Machine Learning or AI', 'Product Design']",,Strongly Agree,Somewhat agree,Strongly disagree,Somewhat agree,A little likely,Likely,Not at all likely,MUTAHAR.IQBAL@gmail.com,Point OfContact,pointofcontact@gmail.com,789-456-1230,123-456-7890,MUTAHAR IQBAL,MUTAHAR IQBAL,
9/1/2020  9:17:00 PM,9/1/2020  9:18:00 PM,Survey Preview,*******,100,63,TRUE,9/1/2020  9:18:00 PM,R_T6IkgQJG0GeGapq,SINGH,DHARAMVIR,DSINGH@gmu.edu,******,53.1234,18.1234,preview,EN,23701129,DSINGH@gmu.edu,she/her/hers,,No,No,No,"['CSS', 'PHP']",,"['Product Design', 'Software Engineering', 'Machine Learning or AI', 'Product Design', 'Software Engineering', 'Cybersecurity', 'Market Research or Strategy']",,Somewhat disagree,Somewhat agree,Neither agree nor disagree,Somewhat disagree,Somewhat likely,Likely,Likely,DHARAMVIR.SINGH@gmail.com,Point OfContact,pointofcontact@gmail.com,789-456-1230,123-456-7890,DHARAMVIR SINGH,DHARAMVIR SINGH,
9/1/2020  9:17:00 PM,9/1/2020  9:18:00 PM,Survey Preview,*******,100,63,TRUE,9/1/2020  9:18:00 PM,R_Fw3w5Z1LDhHZgKe,BANIYA,SWASTIKA,SBANIYA@gmu.edu,******,53.1234,18.1234,preview,EN,23701129,SBANIYA@gmu.edu,they/them/their,,No,No,No,"['Ruby', 'C++', 'CSS', 'Ruby', 'C#', 'Scala']",,"['Market Research or Strategy', 'Cybersecurity']",,Somewhat disagree,Strongly Agree,Somewhat agree,Neither agree nor disagree,Not at all likely,Not at all likely,Likely,SWASTIKA.BANIYA@gmail.com,Point OfContact,pointofcontact@gmail.com,789-456-1230,123-456-7890,SWASTIKA BANIYA,SWASTIKA BANIYA,
9/1/2020  9:17:00 PM,9/1/2020  9:18:00 PM,Survey Preview,*******,100,63,TRUE,9/1/2020  9:18:00 PM,R_uIc9fOzoMY8OV7T,YANG,JUDY,JYANG@gmu.edu,******,53.1234,18.1234,preview,EN,23701129,JYANG@gmu.edu,they/them/their,,No,No,No,"['Python', 'Objective-C', 'CSS', 'HTML']",,['Product Management'],,Strongly Agree,Somewhat agree,Strongly Agree,Strongly Agree,Not at all likely,Somewhat likely,A little likely,JUDY.YANG@gmail.com,Point OfContact,pointofcontact@gmail.com,789-456-1230,123-456-7890,JUDY YANG,JUDY YANG,
9/1/2020  9:17:00 PM,9/1/2020  9:18:00 PM,Survey Preview,*******,100,63,TRUE,9/1/2020  9:18:00 PM,R_KaFDp1wtU4XxWor,SHARMA,KHYATI,KSHARMA@gmu.edu,******,53.1234,18.1234,preview,EN,23701129,KSHARMA@gmu.edu,they/them/their,,No,No,No,None,,['Data Analysis'],,Somewhat disagree,Somewhat agree,Neither agree nor disagree,Somewhat disagree,Very Likely,Not at all likely,Very Likely,KHYATI.SHARMA@gmail.com,Point OfContact,pointofcontact@gmail.com,789-456-1230,123-456-7890,KHYATI SHARMA,KHYATI SHARMA,
9/1/2020  9:17:00 PM,9/1/2020  9:18:00 PM,Survey Preview,*******,100,63,TRUE,9/1/2020  9:18:00 PM,R_aK1boDdDJ6t1Ojv,NEUPANE,ADITI,ANEUPANE@gmu.edu,******,53.1234,18.1234,preview,EN,23701129,ANEUPANE@gmu.edu,they/them/their,,No,No,No,"['C++', 'Objective-C']",,"['Product Design', 'Software Engineering']",,Strongly Agree,Somewhat agree,Strongly disagree,Somewhat disagree,Very Likely,Somewhat likely,Likely,ADITI.NEUPANE@gmail.com,Point OfContact,pointofcontact@gmail.com,789-456-1230,123-456-7890,ADITI NEUPANE,ADITI NEUPANE,
9/1/2020  9:17:00 PM,9/1/2020  9:18:00 PM,Survey Preview,*******,100,63,TRUE,9/1/2020  9:18:00 PM,R_umXV1y1uTzdy78K,KHANNA,VYUSHTI,VKHANNA@gmu.edu,******,53.1234,18.1234,preview,EN,23701129,VKHANNA@gmu.edu,he/his/him,,No,No,No,"['CSS', 'HTML', 'Java', 'C++', 'Scala']",,"['Software Engineering', 'Data Analysis', 'Product Design', 'Cybersecurity']",,Neither agree nor disagree,Somewhat agree,Strongly Agree,Neither agree nor disagree,Somewhat likely,Likely,Likely,VYUSHTI.KHANNA@gmail.com,Point OfContact,pointofcontact@gmail.com,789-456-1230,123-456-7890,VYUSHTI KHANNA,VYUSHTI KHANNA,
9/1/2020  9:17:00 PM,9/1/2020  9:18:00 PM,Survey Preview,*******,100,63,TRUE,9/1/2020  9:18:00 PM,R_Ns5PixuTogcXULp,GURRAPU,SAI SHIVANI,SGURRAPU@gmu.edu,******,53.1234,18.1234,preview,EN,23701129,SGURRAPU@gmu.edu,she/her/hers,,No,No,No,None,,"['Data Analysis', 'Cybersecurity', 'Product Design', 'Software Engineering', 'IT Support', 'Data Analysis']",,Neither agree nor disagree,Neither agree nor disagree,Somewhat disagree,Somewhat disagree,A little likely,Very Likely,Likely,SAI SHIVANI.GURRAPU@gmail.com,Point OfContact,pointofcontact@gmail.com,789-456-1230,123-456-7890,SAI SHIVANI GURRAPU,SAI SHIVANI GURRAPU,
9/1/2020  9:17:00 PM,9/1/2020  9:18:00 PM,Survey Preview,*******,100,63,TRUE,9/1/2020  9:18:00 PM,R_gsbwXtJIcNN48yz,ABDALLA,SUFIAN,SABDALLA@gmu.edu,******,53.1234,18.1234,preview,EN,23701129,SABDALLA@gmu.edu,he/his/him,,No,No,No,['Java'],,"['Market Research or Strategy', 'Product Management', 'IT Support', 'Software Engineering']",,Somewhat agree,Strongly Agree,Somewhat disagree,Strongly Agree,Somewhat likely,Likely,Somewhat likely,SUFIAN.ABDALLA@gmail.com,Point OfContact,pointofcontact@gmail.com,789-456-1230,123-456-7890,SUFIAN ABDALLA,SUFIAN ABDALLA,
9/1/2020  9:17:00 PM,9/1/2020  9:18:00 PM,Survey Preview,*******,100,63,TRUE,9/1/2020  9:18:00 PM,R_vvKZVucifrTmVT5,VAN,MINHVY,MVAN@gmu.edu,******,53.1234,18.1234,preview,EN,23701129,MVAN@gmu.edu,he/his/him,,No,No,No,"['Scala', 'Objective-C', 'C#', 'Perl']",,"['Market Research or Strategy', 'Software Engineering', 'Cybersecurity', 'Product Design', 'Market Research or Strategy', 'Machine Learning or AI']",,Neither agree nor disagree,Somewhat disagree,Strongly Agree,Somewhat disagree,Likely,Likely,A little likely,MINHVY.VAN@gmail.com,Point OfContact,pointofcontact@gmail.com,789-456-1230,123-456-7890,MINHVY VAN,MINHVY VAN,
9/1/2020  9:17:00 PM,9/1/2020  9:18:00 PM,Survey Preview,*******,100,63,TRUE,9/1/2020  9:18:00 PM,R_PgJAFy8ouv5cIRS,BOWLES,LILIAN,LBOWLES@gmu.edu,******,53.1234,18.1234,preview,EN,23701129,LBOWLES@gmu.edu,they/them/their,,No,No,No,"['Swift', 'C++', 'C++', 'Swift']",,"['Product Design', 'Data Analysis']",,Strongly Agree,Strongly Agree,Strongly Agree,Strongly disagree,Somewhat likely,Not at all likely,A little likely,LILIAN.BOWLES@gmail.com,Point OfContact,pointofcontact@gmail.com,789-456-1230,123-456-7890,LILIAN BOWLES,LILIAN BOWLES,
9/1/2020  9:17:00 PM,9/1/2020  9:18:00 PM,Survey Preview,*******,100,63,TRUE,9/1/2020  9:18:00 PM,R_560Ln1rT9hk0vCV,VEL,ALLISON,AVEL@gmu.edu,******,53.1234,18.1234,preview,EN,23701129,AVEL@gmu.edu,she/her/hers,,No,No,No,"['CSS', 'Swift', 'Scala']",,['Product Management'],,Somewhat agree,Somewhat disagree,Somewhat disagree,Somewhat agree,Likely,Likely,Likely,ALLISON.VEL@gmail.com,Point OfContact,pointofcontact@gmail.com,789-456-1230,123-456-7890,ALLISON VEL,ALLISON VEL,
9/1/2020  9:17:00 PM,9/1/2020  9:18:00 PM,Survey Preview,*******,100,63,TRUE,9/1/2020  9:18:00 PM,R_nQfYJW8YYL7M7jj,TRAN,PHUONG,PTRAN@gmu.edu,******,53.1234,18.1234,preview,EN,23701129,PTRAN@gmu.edu,he/his/him,,No,No,No,"['C++', 'C++', 'Python', 'Ruby', 'C#', 'PHP']",,['Product Management'],,Somewhat disagree,Strongly Agree,Somewhat agree,Strongly Agree,Somewhat likely,Likely,A little likely,PHUONG.TRAN@gmail.com,Point OfContact,pointofcontact@gmail.com,789-456-1230,123-456-7890,PHUONG TRAN,PHUONG TRAN,
9/1/2020  9:17:00 PM,9/1/2020  9:18:00 PM,Survey Preview,*******,100,63,TRUE,9/1/2020  9:18:00 PM,R_70jM8rx2o6jrRXz,ALHARAZI,NUSEIBA,NALHARAZI@gmu.edu,******,53.1234,18.1234,preview,EN,23701129,NALHARAZI@gmu.edu,she/her/hers,,No,No,No,"['CSS', 'C++', 'Java', 'Java', 'HTML']",,['Software Engineering'],,Somewhat disagree,Strongly Agree,Somewhat disagree,Strongly disagree,Very Likely,A little likely,A little likely,NUSEIBA.ALHARAZI@gmail.com,Point OfContact,pointofcontact@gmail.com,789-456-1230,123-456-7890,NUSEIBA ALHARAZI,NUSEIBA ALHARAZI,
9/1/2020  9:17:00 PM,9/1/2020  9:18:00 PM,Survey Preview,*******,100,63,TRUE,9/1/2020  9:18:00 PM,R_bJKjtxuFhWmrfK1,KIM,NAYOUNG,NKIM@gmu.edu,******,53.1234,18.1234,preview,EN,23701129,NKIM@gmu.edu,they/them/their,,No,No,No,"['C++', 'Ruby', 'PHP', 'Scala', 'Swift', 'C++']",,"['Product Management', 'Cybersecurity', 'Program Management', 'Machine Learning or AI']",,Neither agree nor disagree,Strongly Agree,Strongly disagree,Somewhat agree,Somewhat likely,Not at all likely,Likely,NAYOUNG.KIM@gmail.com,Point OfContact,pointofcontact@gmail.com,789-456-1230,123-456-7890,NAYOUNG KIM,NAYOUNG KIM,
9/1/2020  9:17:00 PM,9/1/2020  9:18:00 PM,Survey Preview,*******,100,63,TRUE,9/1/2020  9:18:00 PM,R_hqppr1oVgU6maji,SARWAR,EHTASHAM,ESARWAR@gmu.edu,******,53.1234,18.1234,preview,EN,23701129,ESARWAR@gmu.edu,ze/zir/zis,,No,No,No,None,,"['Machine Learning or AI', 'Software Engineering', 'Data Analysis', 'IT Support', 'Program Management', 'Market Research or Strategy', 'Market Research or Strategy']",,Somewhat agree,Strongly Agree,Strongly Agree,Strongly Agree,Likely,Somewhat likely,Somewhat likely,EHTASHAM.SARWAR@gmail.com,Point OfContact,pointofcontact@gmail.com,789-456-1230,123-456-7890,EHTASHAM SARWAR,EHTASHAM SARWAR,
9/1/2020  9:17:00 PM,9/1/2020  9:18:00 PM,Survey Preview,*******,100,63,TRUE,9/1/2020  9:18:00 PM,R_SOYmSSEUxD9MslK,KAPADIA,RAMSHA,RKAPADIA@gmu.edu,******,53.1234,18.1234,preview,EN,23701129,RKAPADIA@gmu.edu,ze/zir/zis,,No,No,No,"['HTML', 'Python', 'Javascript', 'Perl', 'Python', 'Swift']",,"['Software Engineering', 'IT Support', 'Market Research or Strategy', 'Machine Learning or AI', 'IT Support', 'Market Research or Strategy', 'Program Management']",,Somewhat disagree,Somewhat agree,Strongly disagree,Neither agree nor disagree,A little likely,Likely,A little likely,RAMSHA.KAPADIA@gmail.com,Point OfContact,pointofcontact@gmail.com,789-456-1230,123-456-7890,RAMSHA KAPADIA,RAMSHA KAPADIA,
9/1/2020  9:17:00 PM,9/1/2020  9:18:00 PM,Survey Preview,*******,100,63,TRUE,9/1/2020  9:18:00 PM,R_6wXub1jPxu3x1WH,BARUA,ROHIT,RBARUA@gmu.edu,******,53.1234,18.1234,preview,EN,23701129,RBARUA@gmu.edu,they/them/their,,No,No,No,None,,"['Product Management', 'Program Management', 'Data Analysis', 'Software Engineering', 'Software Engineering']",,Strongly disagree,Neither agree nor disagree,Somewhat disagree,Somewhat disagree,Not at all likely,A little likely,A little likely,ROHIT.BARUA@gmail.com,Point OfContact,pointofcontact@gmail.com,789-456-1230,123-456-7890,ROHIT BARUA,ROHIT BARUA,
9/1/2020  9:17:00 PM,9/1/2020  9:18:00 PM,Survey Preview,*******,100,63,TRUE,9/1/2020  9:18:00 PM,R_OpUb5CGHGvlorfG,CHENG,YIXUAN,YCHENG@gmu.edu,******,53.1234,18.1234,preview,EN,23701129,YCHENG@gmu.edu,ze/zir/zis,,No,No,No,"['PHP', 'PHP']",,"['Software Engineering', 'Product Design', 'Program Management', 'Software Engineering', 'Market Research or Strategy']",,Somewhat disagree,Strongly disagree,Somewhat agree,Strongly Agree,Likely,Not at all likely,Very Likely,YIXUAN.CHENG@gmail.com,Point OfContact,pointofcontact@gmail.com,789-456-1230,123-456-7890,YIXUAN CHENG,YIXUAN CHENG,
